student_id,name,age,gender,region,signup_date,mentor_id
1,Debra Carpenter,11,M,Danang,2025-05-23,10
2,Adrienne Morgan,18,M,Danang,2024-11-29,6
3,Nicole Chung,12,F,Danang,2024-05-23,8
4,Gary Gallegos,11,M,Hanoi,2024-12-17,12
5,Tyler Ross,12,F,Danang,2024-05-22,19
6,Robert Long,15,F,Danang,2023-12-08,8
7,Lisa Clark,10,F,Hanoi,2024-07-06,12
8,David Brown,16,M,Hanoi,2025-03-16,17
9,Melody Johnson,11,M,Hue,2024-04-17,20
10,Kellie Moore,15,M,HCM,2024-03-01,15
11,Michelle Morris,15,F,Hanoi,2024-05-28,17
12,Amanda Jefferson,14,M,Hue,2025-01-07,6
13,Jessica Padilla,16,M,Hanoi,2025-03-14,9
14,Tara Levine,10,M,Danang,2024-07-26,9
15,Jeffrey Moore,18,M,Danang,2024-10-15,4
16,Henry Jones,12,F,HCM,2024-05-26,3
17,Anthony Rivera,10,M,Danang,2025-07-13,13
18,Tasha Morales,11,F,HCM,2025-04-02,13
19,Robert Brown,11,M,Hanoi,2024-03-15,13
20,Denise Lucero,13,F,Hanoi,2024-07-20,2
21,Felicia Campbell,18,F,HCM,2024-01-08,18
22,Christina Davis,11,F,Hue,2023-11-07,13
23,Nancy Williams,15,M,HCM,2023-09-11,9
24,Dylan Stephens,14,M,Hanoi,2025-04-24,6
25,Robert Ross,13,F,Danang,2023-09-23,9
26,Louis Allen,12,M,Hue,2023-11-21,7
27,Ashley Brown,13,F,HCM,2025-04-05,20
28,Kendra Clark,15,F,Danang,2024-04-20,1
29,Gregory Lewis,13,F,Hue,2024-08-22,18
30,Zachary Keller,16,M,Hanoi,2025-08-22,18
31,Karl Anderson,14,F,Danang,2025-07-01,18
32,Caitlin Smith,16,M,Hue,2024-01-01,14
33,Brittany Perez,13,M,Hue,2024-09-17,14
34,William Williams,11,M,Hanoi,2025-05-21,18
35,Diana Perry,12,F,Hue,2023-09-23,14
36,Lisa Burns,15,F,HCM,2024-05-02,5
37,Mike Griffith,12,M,Danang,2023-10-31,14
38,Calvin Terry,16,M,Hanoi,2024-08-21,15
39,Ashley Lozano,15,M,HCM,2023-10-15,13
40,Ashley Chan,17,M,Danang,2025-01-16,8
41,Dr. Evan Fuller,13,F,HCM,2024-05-16,17
42,Andrea King,16,F,Hue,2024-09-17,8
43,Cassidy Edwards,17,F,HCM,2023-10-18,10
44,Leah Jones,15,F,Hue,2023-10-09,18
45,Linda Mills,11,M,HCM,2024-10-02,9
46,Stacey Carr,14,F,Danang,2023-11-05,11
47,Christina Houston,18,M,Danang,2025-06-12,14
48,Jeffrey Wilson,18,M,Hue,2025-08-09,19
49,Sarah Simmons,15,F,HCM,2025-04-08,18
50,Ashley Rodriguez,10,M,HCM,2025-08-22,1
51,Luis Gould,13,M,HCM,2024-06-18,12
52,Lisa Pierce,17,F,Hue,2023-12-21,13
53,Frank Potter,13,M,Hue,2025-07-25,2
54,Charles Sanders,10,M,HCM,2024-01-25,8
55,Clayton Mercado,12,F,HCM,2025-06-12,10
56,Ann Foley DDS,15,F,Danang,2025-07-08,7
57,Steven Phillips,10,F,Hue,2025-08-19,13
58,Kevin Taylor,11,M,HCM,2024-10-12,6
59,Ethan Greene,16,F,Danang,2025-07-18,7
60,Jasmin Keller,17,F,Hue,2024-02-08,18
61,Lisa Johnson,12,F,Hanoi,2025-05-22,12
62,Diane Nicholson,11,F,Hanoi,2023-12-15,4
63,Erin Stephenson,14,F,Hanoi,2025-06-10,9
64,Shannon Obrien,17,M,Hanoi,2024-09-23,11
65,John Henry,13,M,Hue,2025-06-14,20
66,Jane Vaughn,11,F,Danang,2023-09-05,12
67,Cheryl Holland,12,M,Hanoi,2025-01-16,7
68,Amanda Thompson,16,F,Hanoi,2025-07-28,14
69,Sheryl Miles,18,F,HCM,2025-06-12,5
70,Raymond Dorsey,13,M,Hue,2024-12-19,2
71,Robert Steele,13,M,Danang,2024-08-23,2
72,Lori Olson,18,F,Danang,2025-01-17,2
73,Patricia Gomez,13,M,Hue,2025-02-19,14
74,Daniel Tran,11,F,Hanoi,2024-11-23,4
75,Sarah Hale,14,F,Danang,2025-03-06,2
76,Deanna Parks,17,M,Danang,2025-08-02,10
77,Scott West,16,F,Hanoi,2023-12-03,2
78,Natalie Warren,18,M,Hanoi,2025-06-17,17
79,Michael Keith,15,F,HCM,2024-01-20,19
80,Bradley Ayala,18,M,HCM,2023-12-08,12
81,Taylor Mejia,18,M,Danang,2024-03-16,9
82,April Roberts DDS,13,F,Hue,2023-11-13,7
83,Caleb Hale,17,F,Hue,2023-11-01,9
84,Dylan Perez,10,F,Hue,2024-01-14,2
85,Matthew Conner,13,F,Danang,2023-09-24,10
86,Kevin Carlson,10,M,Hanoi,2024-03-12,1
87,Hannah Long,12,F,HCM,2023-10-11,2
88,Marilyn Wyatt,15,F,Danang,2023-09-14,7
89,Suzanne White,11,F,Hanoi,2023-11-22,4
90,Lori Oliver,11,M,Hanoi,2025-04-10,8
91,Jessica Norman,15,M,Hue,2025-02-20,8
92,Timothy White,18,M,HCM,2023-10-24,8
93,Jay Williams,14,M,Danang,2024-01-03,1
94,Hunter Maldonado,11,M,Danang,2025-03-31,8
95,Janet Douglas,10,M,HCM,2024-02-14,6
96,Keith Nguyen,12,F,HCM,2025-06-24,16
97,Emily Mata,17,M,Hue,2024-02-20,2
98,Vincent Davis,18,F,HCM,2024-04-30,5
99,Christina Roberts,15,M,HCM,2025-06-16,2
100,Barbara Wood,18,M,HCM,2025-01-10,17
101,Heather Allen,12,M,Danang,2025-04-06,3
102,Alisha Vega,13,F,Danang,2025-03-20,17
103,Douglas Smith,18,F,HCM,2025-01-18,3
104,Francisco Jackson,14,F,Hue,2024-06-11,11
105,Heather Chavez,11,M,Hanoi,2023-09-25,13
106,Stephen Johnson,14,M,Danang,2024-10-16,2
107,Daniel Guerrero,17,F,Danang,2025-07-13,16
108,Tamara Hall,10,M,HCM,2024-04-17,14
109,Walter Armstrong,18,F,Hue,2024-04-11,16
110,Jane Kelly,15,M,Danang,2024-09-18,6
111,Shelby White,16,M,HCM,2023-10-15,11
112,Jennifer Jenkins,13,F,Danang,2025-02-19,15
113,Eric Knapp,10,F,HCM,2024-03-16,18
114,Christopher Vazquez,13,M,Hanoi,2025-07-06,15
115,Alejandra Wade,13,M,Hanoi,2023-10-25,20
116,Jason Ramos,14,M,Hanoi,2023-12-19,1
117,Michael Wright,13,F,HCM,2025-07-26,14
118,Caroline Nunez,10,M,Hanoi,2025-05-01,10
119,Kayla Flores,17,M,Hanoi,2024-12-03,17
120,Melvin Solomon,14,M,HCM,2025-05-08,1
121,Mckenzie Mejia,10,F,Hanoi,2024-05-12,8
122,Jennifer Harmon,13,M,Hue,2024-01-01,1
123,Randy Meyer,15,F,Hue,2024-05-25,6
124,Peter Cox,12,M,Danang,2025-06-09,5
125,Sandra Brown,14,F,Hue,2024-07-17,14
126,Sara Wells,12,F,Danang,2023-10-26,2
127,Nicole Hall,11,M,Hanoi,2024-10-28,1
128,Michelle Newton,17,F,Hanoi,2025-06-19,19
129,Faith Hall,11,M,Hue,2024-04-05,8
130,Janet Baker,12,F,HCM,2024-08-08,9
131,Daniel Wu,14,M,Hanoi,2024-04-12,9
132,Victor Barry,14,M,Hanoi,2024-05-20,14
133,Rhonda Stewart,15,F,Hue,2024-04-22,5
134,Tina Bailey,11,M,Hanoi,2024-01-17,4
135,Sharon Roberts,11,F,Hue,2025-07-14,17
136,Mark Hunt,16,F,HCM,2025-04-25,9
137,Daniel Booth,12,F,Hanoi,2024-07-07,11
138,Lauren Gates,14,F,HCM,2023-09-24,14
139,Kristin Harris,16,M,Hue,2024-12-04,11
140,Kimberly Barker,12,M,Hanoi,2025-04-06,3
141,Jeremy Perkins,16,M,Hue,2024-09-24,15
142,Gloria Lynch,18,M,Hanoi,2023-09-22,18
143,Theresa Silva,17,M,Hue,2025-04-26,4
144,Curtis Scott,14,F,Hanoi,2023-10-29,2
145,Carl Jackson,15,F,Hanoi,2023-10-14,17
146,Nancy Kelley,12,M,Hanoi,2025-03-27,3
147,Donna Smith,14,M,Hue,2024-02-12,6
148,Edgar Short,10,F,Hue,2025-04-14,19
149,Christina Sanchez,11,M,HCM,2024-12-01,13
150,Trevor Ramirez,15,M,Danang,2024-07-14,4
151,Tonya Wilson,12,M,HCM,2025-02-15,10
152,Kelsey Fisher,11,M,Hanoi,2024-09-25,4
153,Shawna May,11,F,Danang,2025-03-05,18
154,Alicia Cooper,18,M,Danang,2024-04-14,15
155,Caitlin Peters,15,M,Hanoi,2025-03-28,17
156,Elizabeth Fleming,15,F,Hanoi,2025-02-08,4
157,Katelyn Oconnor,10,F,Hue,2025-04-28,11
158,Kelly Williams,17,M,Hanoi,2023-12-04,7
159,Lindsey Mcguire,16,F,Danang,2024-10-01,15
160,Tina Powell,15,F,Danang,2023-09-07,17
161,Timothy Rodriguez,11,F,Hanoi,2025-05-25,11
162,Cameron Lawson,15,M,Danang,2023-10-06,11
163,William Myers,16,M,HCM,2025-06-05,6
164,Adam Tran,10,F,Hue,2025-01-05,4
165,Samantha Hart,18,F,HCM,2025-04-10,2
166,Zachary Santos,17,M,Hanoi,2025-06-14,20
167,Anna King,17,M,Danang,2025-01-31,19
168,Andre Johnson,17,F,Hanoi,2024-01-19,19
169,Madeline Munoz,11,F,Danang,2025-03-20,1
170,Jennifer Butler,14,M,Hue,2024-11-13,1
171,Julie Wallace,18,F,Danang,2024-11-29,4
172,George Pham,14,M,HCM,2024-11-08,7
173,Mr. Randy Guzman,10,F,Danang,2024-01-25,8
174,Ronald Bolton,13,M,Hue,2024-12-08,18
175,Sarah Evans,10,M,Hue,2025-01-03,10
176,Mary Lowe,12,M,Danang,2025-07-04,3
177,Alexis Dougherty,16,M,HCM,2023-11-11,4
178,Nicole Holmes,11,F,Hue,2025-01-06,20
179,Margaret Murray,10,M,Hanoi,2024-08-09,14
180,Vincent Smith,10,M,Hanoi,2024-12-29,15
181,Dustin Moore,12,M,HCM,2024-08-16,12
182,Samantha Ross,10,F,Hanoi,2023-12-01,8
183,Amy Howard,18,M,Hue,2024-07-29,4
184,Cassandra Boone,14,F,HCM,2025-04-23,16
185,Miss Bridget Williams DDS,17,M,Hanoi,2025-04-27,7
186,Brianna Ward,13,F,Danang,2025-08-27,17
187,Larry Allen,17,M,Danang,2023-12-11,14
188,Melissa Rodriguez,13,F,HCM,2024-10-09,6
189,Amanda Carey,10,M,HCM,2024-03-09,16
190,Thomas Wells,16,F,Danang,2024-08-27,20
191,Aaron Bush,16,M,Danang,2024-06-04,15
192,Steven Walker,12,M,Hanoi,2024-08-04,15
193,Jimmy Watson,13,F,Danang,2025-03-31,19
194,Sarah Perry,18,M,Danang,2025-04-01,6
195,David Scott PhD,12,M,Hanoi,2024-05-18,4
196,Amanda Jacobson,14,F,HCM,2025-03-11,19
197,Nichole Brown,18,F,Hue,2024-01-23,6
198,Dennis Mullins MD,14,F,Hanoi,2024-04-21,16
199,Lisa Hooper,11,M,HCM,2025-03-13,1
200,Jason Holloway,18,M,Danang,2024-04-19,16
201,George Lee,13,F,HCM,2024-12-20,2
202,Jennifer Smith,14,F,Hanoi,2024-06-11,18
203,Jordan Thomas,14,F,HCM,2024-02-22,10
204,Timothy Richardson,18,M,Danang,2025-03-08,19
205,Jason Yates,13,M,Hue,2024-08-03,10
206,Bridget Hernandez DVM,12,M,Hue,2023-12-30,9
207,Jacqueline Shelton,17,F,Hue,2023-11-24,9
208,Megan Larsen,10,F,Hanoi,2024-08-30,12
209,Darlene Rogers,11,F,HCM,2024-03-05,1
210,Jill Li,11,M,Hue,2025-04-28,4
211,Jesus May,10,F,HCM,2024-04-15,12
212,Gregory Hurley,14,F,HCM,2024-08-01,2
213,James Douglas,14,M,Hue,2025-03-15,2
214,Taylor Smith,11,F,HCM,2024-03-20,18
215,Elizabeth Lee,14,M,Danang,2023-10-09,9
216,Michael Brown,11,M,Hue,2024-09-20,6
217,Dr. Carolyn Rodriguez,18,F,Danang,2025-04-01,16
218,Whitney Watson,14,F,HCM,2024-08-24,1
219,Kaitlin Zimmerman,12,M,HCM,2024-03-01,20
220,Frank Baird,11,F,Danang,2023-12-09,10
221,Mary Johnson,14,M,Hanoi,2024-08-19,5
222,Christopher Ross,11,M,Danang,2025-05-31,19
223,Christine Hill,13,M,Danang,2025-01-25,10
224,Andrew Johnson,10,F,Hanoi,2023-10-01,17
225,Patricia Owens,16,F,HCM,2024-09-22,12
226,Melissa Cooper,12,F,Hanoi,2024-02-24,1
227,Emily Weaver,10,F,HCM,2025-03-02,5
228,Jeffrey Nguyen,16,M,Hanoi,2023-09-19,8
229,Kenneth Newman,10,F,Hue,2023-12-18,4
230,Suzanne Thompson,10,F,Hanoi,2025-07-26,14
231,Sharon Rodriguez,13,M,Hue,2024-11-27,15
232,Lindsey Nichols,14,M,Hanoi,2025-02-26,12
233,Marc Kane,14,M,HCM,2024-04-20,3
234,Christopher Frazier,10,F,Danang,2025-05-16,8
235,Sean Washington,14,M,HCM,2024-08-29,16
236,Cynthia Sutton,10,F,Danang,2024-09-30,17
237,Sharon Williams,15,F,HCM,2024-08-22,5
238,Jerry Burton,14,F,Hue,2023-10-26,4
239,Kristen Mcclure,13,M,Hanoi,2024-01-14,1
240,Mike Anderson,13,F,Danang,2024-11-26,14
241,Brian Kramer,18,F,Danang,2025-02-07,9
242,Katrina Green MD,13,M,Danang,2024-10-27,17
243,Christine Ryan,18,F,Danang,2025-08-12,15
244,Shari Romero,12,F,Hue,2024-03-20,10
245,Krista Rodriguez,17,M,HCM,2024-11-15,13
246,Antonio Long,13,M,HCM,2024-09-05,11
247,Raymond Meyer PhD,12,M,Hanoi,2024-10-06,5
248,Kristi Adams,13,M,Danang,2023-09-02,19
249,Shane Spence,14,M,HCM,2023-09-24,5
250,Samantha Freeman,11,F,HCM,2023-10-13,1
251,Kayla Bartlett,18,M,Hanoi,2024-09-18,14
252,Angela Miller,16,F,HCM,2023-11-23,10
253,Juan Downs,11,M,Hanoi,2024-08-27,11
254,Steven Cardenas,16,M,Hue,2024-11-17,13
255,Michelle Roberts,11,M,Hue,2025-08-10,10
256,Lisa Lutz,17,M,HCM,2023-12-20,7
257,Jason Brown,17,M,Hanoi,2024-02-27,14
258,Diana Brown,11,F,Hanoi,2024-03-02,8
259,Sarah Martin,16,M,Hue,2023-10-29,9
260,Christina Brown,16,M,Hue,2023-09-15,4
261,Tiffany Evans,18,M,HCM,2024-06-04,14
262,John Rivera,11,M,Danang,2023-09-16,11
263,Karen Hall,17,M,Hanoi,2025-06-19,1
264,Adam Bender,15,F,Danang,2023-11-13,9
265,Matthew Preston,13,M,HCM,2023-11-12,18
266,Tina Steele,10,M,HCM,2025-03-24,18
267,Kellie Gibson MD,10,F,HCM,2023-10-05,2
268,Megan Cabrera,13,M,Hue,2024-05-15,16
269,Brandon Perry,18,F,Danang,2025-04-07,9
270,Michael Reed,16,F,Danang,2024-11-28,17
271,Stacy Wilson,14,F,Danang,2024-04-09,13
272,Daniel Noble,11,F,HCM,2025-03-08,20
273,Nichole Hicks,18,F,Danang,2024-10-31,9
274,Maria Tran,16,M,HCM,2024-02-23,10
275,Monica Lopez,12,F,HCM,2025-01-25,3
276,Sydney Holt,13,M,Danang,2024-04-08,10
277,Jennifer Cantu,11,F,Danang,2025-07-10,2
278,Jeffrey Briggs,14,F,Hue,2025-01-06,2
279,Brandon Cisneros,12,M,Hanoi,2025-02-27,20
280,Lori Hunt,14,M,Danang,2023-09-25,5
281,Jeffrey Wells,15,F,Hanoi,2024-07-05,11
282,Michael Wells,17,M,Danang,2023-10-15,15
283,Gary Hebert,14,M,Danang,2024-05-30,10
284,Michael Boyd,14,M,Hanoi,2023-09-09,16
285,Katherine Fox,12,M,Hue,2025-04-12,3
286,Billy Diaz,15,M,Hanoi,2023-09-18,12
287,Tammy Martin,13,F,HCM,2024-11-01,20
288,Benjamin Garcia,12,M,Danang,2024-04-14,8
289,Diane Bennett,16,F,Hanoi,2024-02-20,13
290,Justin Park,18,F,HCM,2023-09-01,18
291,Anthony Gomez,13,M,Danang,2025-01-26,5
292,Carrie Morris,14,F,Hue,2024-09-21,5
293,James Morgan,14,F,Hue,2024-12-12,3
294,Heidi Watson,14,M,HCM,2025-01-19,2
295,Mallory Taylor,11,F,Hue,2023-12-17,6
296,Joseph Lee,11,M,Hanoi,2024-04-14,18
297,Brittney Underwood,12,F,Hanoi,2024-07-24,12
298,Christopher Maldonado,16,F,Danang,2025-01-03,5
299,Andrew Richardson,14,F,Danang,2024-12-08,5
300,Randy Harris,18,M,HCM,2025-05-10,18
301,Kellie Gomez,18,M,Hanoi,2025-04-11,9
302,Meagan Thomas,15,F,Danang,2023-11-27,5
303,Nicole Gray,16,F,HCM,2025-01-05,5
304,Kaitlyn Davidson,15,M,Hanoi,2024-09-02,11
305,Kevin Willis,12,M,Hanoi,2024-05-21,13
306,Adam Oneal,18,M,Danang,2025-05-06,13
307,Scott Bowers,18,F,Danang,2024-09-11,10
308,James Whitehead,15,M,Hue,2024-11-14,13
309,George Lewis,11,F,Danang,2023-12-30,14
310,James Mcconnell,14,F,HCM,2025-08-08,13
311,Darlene Cruz,10,M,Danang,2024-06-24,15
312,Paul Kim,18,M,Danang,2025-05-13,10
313,Amanda Powell,17,M,HCM,2025-08-05,8
314,Michael Dixon,12,F,Hanoi,2023-12-12,17
315,Donald Rogers,15,F,HCM,2025-03-30,3
316,Matthew Hernandez,14,F,Danang,2025-02-06,4
317,George Stevens,15,M,HCM,2024-10-03,4
318,Crystal Farley,10,M,HCM,2023-09-27,3
319,Kathryn Harris,17,M,Danang,2024-08-28,5
320,Shirley Esparza,10,F,HCM,2024-08-15,16
321,Stacy Olson,12,M,Hanoi,2024-09-13,19
322,Joel Wagner,16,M,Hue,2023-12-05,1
323,Jennifer Owen,17,M,Hue,2025-03-02,12
324,Cody Jennings,13,F,Hue,2025-07-02,13
325,Jose Melendez,14,M,Hue,2025-03-03,19
326,Thomas Blair,15,F,Hanoi,2024-02-27,20
327,Brittany Moore,11,F,Hanoi,2024-02-15,15
328,Ms. Lisa Jackson,15,M,Hue,2023-10-12,9
329,David Barr,17,M,Hanoi,2024-03-01,3
330,Gary Rodriguez,11,M,HCM,2025-03-23,16
331,Steven Griffin,14,M,Hanoi,2025-01-29,3
332,Brett Gonzalez,13,M,Hanoi,2025-02-21,20
333,Melissa Mcbride,13,F,HCM,2024-07-04,16
334,Brenda Powers,18,F,Danang,2024-06-07,20
335,Katherine Brewer,15,M,HCM,2024-01-27,18
336,Amy Howell,13,M,Hue,2023-12-14,6
337,Lynn Thomas,14,M,Hue,2024-08-16,7
338,Heather Anderson,15,F,HCM,2025-01-11,14
339,Kim Moses,10,F,Hue,2025-07-07,13
340,Melanie Greer,10,F,Danang,2024-03-09,12
341,Jose Hernandez,13,F,Hanoi,2025-02-23,3
342,David Hawkins,10,M,Danang,2024-06-09,14
343,Sandra Johnson,12,M,Hue,2024-03-24,9
344,Kelly Thompson,11,F,HCM,2025-08-16,20
345,Lydia Alvarez,11,M,HCM,2023-12-21,4
346,Ashley Martinez,14,F,Hanoi,2023-11-16,17
347,Joseph Collier,16,F,Hue,2024-04-18,3
348,Joel Kim,18,M,Hanoi,2024-08-09,17
349,Peter Oconnell,13,M,Hanoi,2023-12-22,10
350,Stacey Fernandez,10,F,HCM,2025-04-01,10
351,Charles Morales,15,M,Hanoi,2024-09-22,16
352,David Morris,12,M,Hue,2023-11-14,15
353,Donald Wade,12,F,HCM,2024-08-27,5
354,Scott Reed,12,M,Hanoi,2024-04-11,11
355,Michael Perez,10,M,Hanoi,2025-04-12,4
356,Joseph Schultz Jr.,18,F,HCM,2024-06-23,13
357,Monica Bennett,16,M,Hanoi,2024-06-04,11
358,Karen Grimes,18,M,Hue,2024-09-10,1
359,Elizabeth Gregory,10,F,Hue,2024-12-30,20
360,Tonya Garcia,18,M,HCM,2025-08-03,15
361,Deanna Walsh,12,M,Danang,2024-04-09,5
362,Amanda Carter,15,M,HCM,2024-07-31,7
363,Allison Jones,15,F,Hue,2025-05-23,12
364,Alexander Taylor,14,M,Hue,2025-08-08,8
365,Glen Hebert,18,M,HCM,2023-09-05,11
366,Heather Johnson,15,F,Hue,2024-08-26,20
367,Adam Fowler,17,M,Hanoi,2024-11-25,4
368,Michelle Skinner,14,F,Hue,2025-01-31,8
369,Ms. Alison Fowler,16,F,Hue,2025-08-12,14
370,Stephen Garcia,12,M,Hanoi,2025-06-24,8
371,Bryce Lewis,10,F,HCM,2024-09-24,7
372,Jennifer Howell,18,M,Danang,2024-03-26,10
373,Natasha Flores,15,M,Hue,2025-02-16,18
374,Jessica Reilly,13,M,Danang,2024-07-10,11
375,Traci Rojas,13,F,HCM,2024-12-21,17
376,Jackie Carrillo,18,M,Hanoi,2024-07-13,5
377,Christina Sparks,14,M,HCM,2025-02-01,12
378,Kayla Hensley,17,F,Hue,2024-01-21,1
379,James Medina,14,M,Danang,2025-06-20,12
380,Tony Reyes,13,M,Hue,2024-10-01,8
381,Amanda Adams,16,F,Hanoi,2024-12-01,5
382,Hannah Moon,15,F,HCM,2025-07-27,17
383,Kimberly Flynn,12,M,Danang,2023-10-29,17
384,Christopher Ferguson,16,M,Danang,2025-07-22,10
385,Charles Crawford,11,M,Hanoi,2024-02-01,20
386,Jimmy Rodgers,12,M,HCM,2025-08-29,2
387,Ian Huff,17,M,Danang,2024-12-31,16
388,Nancy Taylor PhD,14,F,Danang,2024-05-30,20
389,Michael Costa,18,M,HCM,2023-12-07,16
390,Margaret Hester,14,F,Danang,2024-01-08,17
391,Kimberly Stark,15,M,Hue,2023-10-06,3
392,Cynthia Patel,17,M,HCM,2023-09-24,15
393,Paige Riley,17,F,Hanoi,2024-09-12,1
394,David Matthews,16,M,Hanoi,2024-09-17,5
395,Jennifer Fritz,15,M,HCM,2025-08-17,8
396,Jacqueline Williams,15,F,HCM,2024-06-12,11
397,Deborah Carter,11,F,HCM,2025-08-27,12
398,Samantha Reynolds,10,M,Hanoi,2025-03-04,19
399,Christopher Henry,17,M,HCM,2025-06-25,15
400,Craig Blankenship,15,F,HCM,2024-06-09,6
401,Joshua Dodson,14,F,Hanoi,2025-02-04,11
402,Heather Novak,10,F,Danang,2025-01-26,5
403,James Horn,15,F,Hue,2025-05-18,17
404,Christopher Weaver,14,F,Danang,2024-07-01,2
405,Daniel Rodriguez,16,F,HCM,2025-07-15,19
406,Daniel Wilkins,12,M,HCM,2024-11-10,1
407,Jordan Watkins,13,M,Hanoi,2024-03-14,20
408,Katherine Pittman,10,M,Hanoi,2025-03-03,16
409,Sheri Sandoval,14,M,HCM,2025-05-23,4
410,Kelly Rivera,14,M,Danang,2024-04-02,15
411,Bruce Butler,15,M,HCM,2025-01-15,16
412,Mike Calhoun,17,M,Hanoi,2023-11-25,11
413,Lauren Hogan,11,F,HCM,2024-04-28,17
414,Vanessa Rogers,12,F,Hue,2024-07-11,20
415,Matthew Ramirez,17,M,Hue,2024-03-04,17
416,Mrs. Alyssa Hull,17,M,Danang,2023-11-03,10
417,Kyle Flores,13,M,Hue,2024-07-04,5
418,Frank Montgomery,12,M,Hue,2023-09-12,6
419,Frederick Nelson,12,M,Hanoi,2025-03-18,9
420,Sara Nelson,16,F,Hanoi,2023-09-04,8
421,Theodore Ward,15,F,HCM,2024-11-21,9
422,Lisa Wilkinson,16,M,Hanoi,2024-08-06,5
423,Julie Johnson,14,M,HCM,2025-02-16,1
424,Ms. Melinda Lee,16,M,Hanoi,2023-09-10,20
425,Cynthia Hernandez,16,M,Hue,2023-12-26,4
426,Traci Young,12,M,HCM,2025-04-23,4
427,Deborah Lopez,13,M,HCM,2023-10-29,17
428,Charles Patel,13,F,HCM,2025-01-19,12
429,Ryan Lee IV,12,M,Danang,2025-07-13,11
430,Jillian Skinner,10,F,Danang,2024-09-13,2
431,Melissa Wright,13,F,HCM,2025-06-24,4
432,Matthew Brown,10,F,Danang,2025-06-19,12
433,Andrea Wong,10,F,Danang,2025-01-21,11
434,Allison Williams,15,M,Hanoi,2025-03-12,20
435,Danny Price,15,F,Danang,2023-12-12,15
436,Carlos Norman,15,M,HCM,2024-03-18,15
437,Andrew Heath,14,M,Hue,2024-09-28,14
438,Catherine Mills,13,F,Hanoi,2025-05-10,12
439,Kimberly Carpenter,11,F,Danang,2024-03-05,13
440,Nancy Garcia,13,F,Hue,2024-08-22,19
441,Monica Hernandez,15,M,Hue,2024-06-13,2
442,Brittany Collier,16,M,HCM,2024-09-29,4
443,Benjamin Farmer,13,F,Hue,2024-11-07,13
444,Casey Hunt,15,M,HCM,2024-06-13,6
445,Robert Walker,10,F,Danang,2023-12-20,14
446,Joshua Cohen,15,F,Hue,2025-02-27,2
447,Traci Turner,17,M,HCM,2024-02-16,1
448,Nancy Ellis,18,M,Hanoi,2023-10-30,20
449,Brandon Wilson,16,F,Hanoi,2024-11-05,18
450,Carol Bryant,11,M,HCM,2024-11-27,15
451,Sabrina Harris,15,F,Danang,2025-03-21,8
452,Lauren Morse,15,F,Danang,2024-08-25,4
453,Lauren Jones,16,M,Hanoi,2023-10-05,7
454,Sergio Baker,14,M,Hanoi,2024-04-23,12
455,David Anderson,11,F,Danang,2025-04-08,10
456,Barbara Patel,16,M,HCM,2023-12-06,5
457,Cassandra Page,15,M,Hue,2023-12-30,17
458,Leah Caldwell,13,F,Hue,2024-06-04,18
459,David Wilson,11,F,Danang,2025-04-09,9
460,Tara Cook,13,F,Danang,2023-12-08,19
461,Crystal White,16,F,Hue,2023-11-15,1
462,Nicholas Mitchell,15,F,Hanoi,2025-07-19,16
463,Angela Baker,17,M,Danang,2025-01-01,3
464,Lori Williams,11,F,Danang,2023-10-12,19
465,Cheryl Gray,16,F,Hanoi,2023-10-25,10
466,Maria Roberts,15,F,Hue,2023-12-08,20
467,Mr. James Thomas,16,F,Hanoi,2023-11-05,14
468,Judith Mcknight,14,M,Hanoi,2023-12-02,19
469,Marc Hamilton,10,M,HCM,2024-12-20,17
470,Amy Sanchez,13,M,HCM,2024-02-11,9
471,William Huang,10,M,HCM,2024-12-13,17
472,David Johnson,16,F,Hanoi,2023-11-22,7
473,Debra Chavez,14,F,Hue,2023-12-11,18
474,Alexis Spencer,13,F,Danang,2025-01-15,11
475,Jill Burke,17,M,Danang,2024-09-17,13
476,Christopher Hubbard II,12,F,HCM,2025-06-13,16
477,Tina Gonzales,10,M,Hanoi,2024-02-04,4
478,Gabriel Hardy,14,F,Hue,2024-06-06,7
479,Sharon Parker,17,M,Hue,2024-04-17,5
480,Joshua Guerra,17,M,Hue,2025-03-11,15
481,Casey Thomas,17,F,Danang,2024-01-11,20
482,Juan Schaefer,10,F,Danang,2025-06-18,15
483,Ronald Singh,11,M,Hue,2023-09-22,4
484,John Hartman,13,F,Hanoi,2025-08-13,4
485,Joseph Pitts,10,F,Hanoi,2025-06-25,14
486,Raymond Collins,15,M,HCM,2024-10-08,16
487,Justin Elliott,10,F,Hanoi,2025-08-25,7
488,Daisy Koch,13,M,Hanoi,2025-07-13,5
489,Monique Griffin MD,11,F,Hue,2023-11-02,6
490,Ebony Gonzalez,17,M,Danang,2023-08-30,8
491,Timothy Hood,17,M,Danang,2024-09-10,8
492,John Richardson,10,F,Danang,2023-11-11,19
493,John Jennings,11,M,Hue,2023-11-12,16
494,Dawn Trujillo,14,M,Danang,2024-11-10,5
495,Matthew Gonzalez,16,F,HCM,2025-03-02,15
496,Kristen Cunningham,14,M,Hue,2025-01-29,17
497,Tyler Parrish Jr.,10,M,Hanoi,2024-03-13,9
498,Deborah Ford,10,F,Hue,2024-06-11,2
499,Brittney Nguyen,12,M,Hue,2025-03-02,6
500,Edward Weaver,12,M,HCM,2025-02-28,5
501,Scott Gutierrez,15,F,Hanoi,2024-03-03,19
502,Michael Stanley,14,M,Hue,2024-08-21,13
503,Juan Lin DVM,16,F,HCM,2024-03-02,20
504,Christine Cohen,17,F,Danang,2025-05-29,19
505,Christopher Miller,16,M,Hanoi,2024-10-29,17
506,Jessica Brock,16,F,Hue,2025-02-18,5
507,Ruth Weaver,18,M,Hanoi,2024-04-12,7
508,Brian Hensley,12,F,Hue,2025-07-17,4
509,Matthew Larson,13,F,HCM,2024-04-27,14
510,Michael Brown,11,F,HCM,2025-05-07,3
511,Jeffrey Evans,18,F,HCM,2024-05-15,2
512,Jonathan Banks MD,18,F,Danang,2024-07-27,14
513,Tamara Sullivan,18,F,Danang,2023-09-15,17
514,Jamie Garcia,17,F,HCM,2025-05-13,17
515,Wendy Schmidt,15,F,Hanoi,2023-09-03,15
516,Shannon Hall,16,F,Danang,2025-06-13,18
517,Ana Fuller,10,M,HCM,2024-03-08,9
518,Beverly Roberts,16,M,Hue,2025-07-24,20
519,Kimberly Barnes,12,M,HCM,2023-09-22,14
520,Crystal Scott,12,M,Danang,2025-04-08,1
521,Dawn Harris,14,F,Hue,2023-11-07,6
522,Justin Marsh,13,M,Danang,2025-05-12,9
523,Crystal Richardson,10,F,Hanoi,2024-01-30,18
524,Walter Rivas,14,M,Hue,2024-03-23,19
525,Bobby Ward,12,F,Hanoi,2025-06-26,20
526,Rebecca Anthony,14,M,Danang,2024-05-15,16
527,Brent Nicholson,14,F,Hanoi,2024-02-28,19
528,Jared Mckenzie,18,F,Danang,2024-11-05,19
529,Ashley Martin,16,M,Hanoi,2024-09-07,17
530,Ronald Smith,14,M,Hanoi,2025-05-27,14
531,Thomas Chung,12,F,Hanoi,2025-05-02,6
532,Laura Marsh,12,M,Hue,2024-12-09,10
533,Cassandra Williams,12,F,Hanoi,2024-05-02,15
534,William Perry,12,M,HCM,2024-10-30,7
535,Edwin Johnson Jr.,14,M,Hanoi,2024-02-14,7
536,Samantha Soto,10,M,HCM,2023-12-19,12
537,Tracy Johnson,18,M,Danang,2024-04-14,5
538,William Morris,12,F,Hanoi,2025-04-24,18
539,Jennifer Pitts,10,M,Danang,2024-03-29,13
540,Amy Young,17,F,HCM,2023-12-31,3
541,Michael Watson,12,F,HCM,2024-08-24,6
542,Brittany Alvarado,16,F,Hue,2024-10-18,3
543,Donald Ayala,15,F,Hanoi,2024-07-03,5
544,Jeffrey Zhang,16,F,HCM,2024-01-18,15
545,Gabrielle Flowers,15,F,HCM,2025-07-24,12
546,Jennifer Mccoy,10,M,HCM,2024-06-27,6
547,Cindy Johnson,17,M,HCM,2024-06-03,6
548,Elizabeth Lynch,16,F,HCM,2023-09-01,10
549,Joseph Lucas,12,M,HCM,2023-09-14,4
550,Jimmy Massey,15,F,Danang,2025-08-22,14
551,Stephanie Smith,10,F,Hue,2023-09-16,11
552,Lisa Davidson,13,F,Danang,2024-05-23,14
553,Nathan Garrison,16,M,Danang,2024-10-10,6
554,Jeffrey Perry,10,F,Danang,2025-06-11,7
555,Daniel Wilson,11,F,Hue,2025-03-02,10
556,Sarah Leonard,11,M,HCM,2024-12-28,3
557,Valerie Chambers DDS,14,M,Hanoi,2024-06-10,10
558,Steven Sanders,14,M,HCM,2024-10-23,10
559,Angela Turner,15,M,Danang,2024-08-28,13
560,Savannah Patel,14,F,Danang,2024-11-07,8
561,William Morales,11,F,Hanoi,2024-04-03,6
562,Travis Miller,16,M,Hue,2025-01-18,4
563,Gregory Davila,15,F,Danang,2025-04-20,19
564,Paula Sandoval,15,F,Hanoi,2025-08-02,16
565,David Hooper Jr.,15,F,Danang,2023-12-13,11
566,Christopher Brewer Jr.,14,M,HCM,2024-08-11,2
567,Justin Peterson,14,F,Hanoi,2024-06-28,17
568,Christopher Gillespie,16,F,Hue,2024-08-16,1
569,Jennifer Martin,13,M,Hanoi,2025-06-16,4
570,David Rodriguez,13,M,Danang,2025-03-15,10
571,Donald Sims,16,M,Danang,2024-01-15,12
572,Sally Diaz,14,F,Hue,2024-02-06,2
573,Ms. Danielle Wise,13,F,Danang,2024-02-11,19
574,Rebekah Ross,15,M,Hue,2025-06-28,6
575,Andrea Miles,18,M,HCM,2025-04-04,20
576,Debra Murphy,12,M,HCM,2023-10-03,5
577,Jason Macias,14,M,Hanoi,2024-05-13,11
578,Mr. Scott Powell,10,M,Hue,2025-03-04,5
579,Jessica Farmer,17,M,HCM,2024-03-03,3
580,Ashley George,15,F,Hanoi,2025-02-21,8
581,Matthew Torres,11,M,Danang,2024-09-15,20
582,Jacqueline Maxwell,17,M,HCM,2023-10-31,7
583,John Kennedy,10,F,Danang,2025-05-12,2
584,Elizabeth Lopez,13,F,Hue,2023-11-21,5
585,Krystal Hendricks,16,M,Hue,2023-10-29,11
586,Robert Hoffman,18,M,HCM,2025-04-20,11
587,Scott Petersen,14,M,Hanoi,2025-01-07,9
588,Valerie Mcdonald,10,M,Hue,2024-06-11,13
589,Brandi Perry,13,M,Hanoi,2023-12-25,14
590,Brandon Velasquez,14,F,HCM,2023-09-26,4
591,Jason Jones,12,F,Hanoi,2024-12-13,9
592,Michelle Marshall,16,M,Danang,2023-12-23,12
593,Katie Henderson,13,F,Hue,2024-06-18,9
594,William Smith,16,F,HCM,2023-11-20,9
595,Luis Johnson,14,F,Danang,2023-09-14,11
596,Julie Torres,14,M,Danang,2025-05-01,19
597,David Campbell,13,M,Hanoi,2024-01-19,17
598,Selena George,10,M,Danang,2023-10-19,8
599,Anthony Meyer,14,F,Danang,2024-07-11,7
600,Tim Rodriguez,13,F,Hue,2024-07-12,19
601,Anthony Ramos,14,M,HCM,2024-08-14,16
602,Heather Bennett,15,M,Hue,2023-12-31,11
603,Richard Lee,12,M,Hue,2025-04-28,20
604,Kelly Brown,18,F,Hanoi,2025-02-27,3
605,Brandi Moore,15,F,Hue,2024-04-26,18
606,Shannon Mueller,16,F,Danang,2025-03-03,15
607,Scott May,14,M,HCM,2025-07-17,9
608,Jason Howard,12,M,HCM,2024-10-20,20
609,Jennifer Dennis,17,M,Hue,2025-06-30,9
610,Ellen Duke,18,M,HCM,2024-10-06,16
611,Lawrence Lawrence,14,F,Hanoi,2024-10-09,9
612,Carol Gonzales,16,M,Danang,2024-07-09,12
613,Tammy Sampson,15,M,Hanoi,2024-07-08,15
614,Joy Hahn,17,F,Hue,2025-07-09,5
615,Michael Holland,16,M,Danang,2024-10-21,7
616,Joshua Randolph,15,M,Hue,2025-02-11,13
617,Mallory Smith,10,F,Hue,2025-04-07,10
618,Larry Mendoza MD,10,F,Danang,2025-03-18,19
619,Mary Smith,15,M,Hanoi,2024-07-04,16
620,Lauren Reese,11,M,Hanoi,2024-07-02,18
621,Christopher Moore,13,F,Hanoi,2023-12-03,9
622,Eric Harris,15,F,Hanoi,2025-03-08,9
623,Terry Barry,17,M,Danang,2025-05-31,4
624,Eddie Wright,13,F,Danang,2024-01-04,5
625,Justin Jordan,18,M,Hue,2025-03-23,5
626,Melissa Mckenzie,18,M,Hue,2024-12-29,1
627,Ronnie Chen,10,M,Hanoi,2023-11-26,14
628,Dennis Herrera,14,F,Danang,2023-10-10,9
629,Anthony Duran,18,M,HCM,2025-03-15,18
630,Maria Gomez,15,F,HCM,2025-05-13,8
631,Danny Frazier,17,F,Hanoi,2025-01-07,20
632,Bradley Martinez,13,F,Hanoi,2023-11-26,12
633,Haley Smith,14,F,Danang,2024-11-18,1
634,Matthew King,18,M,Danang,2024-02-03,7
635,Jose Meyer,16,F,Danang,2025-05-30,12
636,John Clark,14,F,Hanoi,2024-05-31,11
637,Jamie Kent,14,M,HCM,2025-05-19,13
638,Natalie Miller,11,F,Hanoi,2024-03-15,20
639,Michael Chambers,13,F,Hue,2025-05-27,4
640,Michael Garcia,14,F,Hue,2025-08-29,14
641,Alan Schneider,18,F,Hanoi,2025-05-24,1
642,Scott Schroeder,10,M,HCM,2023-12-27,17
643,Megan Carlson,17,F,Danang,2023-09-21,12
644,Erin Lopez,11,F,HCM,2024-05-06,13
645,Jody Harris,14,M,Hue,2024-09-17,14
646,Lisa Smith,18,F,Hanoi,2023-12-19,14
647,Matthew Bailey,12,F,Danang,2025-05-19,18
648,Sara Cooley,14,F,Hue,2024-01-12,5
649,Jacqueline Black,10,M,Hue,2024-01-30,4
650,Russell Summers,18,M,Danang,2023-12-02,1
651,Melissa Fisher,13,F,Hue,2024-07-06,11
652,Michelle Fox,17,M,Hanoi,2024-05-18,19
653,Chris Henderson,18,F,HCM,2025-04-12,3
654,Martha Garcia,15,F,Hue,2024-10-11,10
655,Steven Flores IV,14,F,Hue,2024-08-11,12
656,Connor Spencer,15,M,Danang,2024-03-25,17
657,Kevin George,14,F,Hanoi,2024-01-04,12
658,Edward Evans,16,F,Danang,2025-01-13,18
659,Joshua Martinez,14,F,Danang,2025-02-24,12
660,Kelly Fitzgerald,18,M,HCM,2024-01-15,16
661,Paula Mcbride,16,M,HCM,2025-05-14,17
662,William Foster,15,M,Hanoi,2024-12-25,7
663,Timothy Jackson,11,F,Hanoi,2024-07-11,16
664,Anthony Downs,12,F,Hue,2025-05-30,18
665,Wendy Simon,10,M,HCM,2024-05-31,19
666,Meghan Anderson,11,F,Hanoi,2024-03-14,6
667,Lindsey Newman,17,M,Danang,2025-02-09,14
668,Cynthia Murphy,12,M,Danang,2023-10-28,1
669,Maria Smith,10,F,HCM,2024-01-09,12
670,Heather Mccoy,14,F,Hanoi,2025-06-25,13
671,Jonathan Jones,14,F,Hue,2024-03-04,7
672,Mary Daniels,13,M,Hanoi,2024-05-27,19
673,Maria King,13,F,Hanoi,2025-06-20,16
674,Alyssa Camacho DVM,11,F,Hue,2025-04-14,2
675,Betty Allen,15,M,HCM,2025-02-04,11
676,Tanner Barnett,12,M,Hue,2023-11-12,16
677,Jared Ramirez,11,M,HCM,2025-07-10,12
678,Theresa Thompson,15,F,Hanoi,2024-04-22,19
679,Cassandra Barnes,18,F,Hanoi,2024-12-08,20
680,Kathleen Carter,12,F,Danang,2024-08-22,15
681,Aaron Powell,16,M,Hue,2023-12-29,5
682,Michael Padilla,16,M,Danang,2023-12-12,6
683,Cynthia Hamilton,13,M,Hue,2024-03-05,16
684,Maureen Evans,16,M,Danang,2025-03-18,12
685,Justin Bishop,12,M,Hue,2025-07-31,11
686,Kayla Lewis,16,M,Danang,2025-04-01,1
687,Michael Hunt,14,F,HCM,2024-08-03,20
688,Alexander Vazquez,11,M,HCM,2023-11-17,7
689,Tammie Mayo,17,M,Danang,2023-12-27,17
690,Alyssa Wagner,16,M,Danang,2025-05-30,1
691,Sabrina Simmons,10,M,HCM,2023-10-26,3
692,Cynthia Cooper,16,F,Danang,2024-10-17,15
693,Caroline Lewis,13,F,Danang,2025-01-13,14
694,Peter Hamilton,17,M,Danang,2024-07-31,19
695,Amy Lewis,16,M,Danang,2024-12-30,8
696,Andrew Contreras,18,M,Hue,2024-09-01,12
697,Amanda Jackson,18,M,HCM,2023-12-13,7
698,Roberto Erickson,13,F,HCM,2024-01-30,5
699,Leah Smith,18,M,Danang,2023-12-05,14
700,Savannah Brooks,13,M,Danang,2025-01-13,19
701,Anna Gaines,16,F,Danang,2025-05-28,2
702,Rodney Lewis,18,M,Hue,2024-10-26,6
703,Alison Hanson,13,M,HCM,2023-09-03,14
704,Chelsea Smith,14,M,Hue,2023-11-09,19
705,Denise Henderson,18,F,Danang,2025-04-01,3
706,Kelly Austin,11,F,Hue,2024-08-05,14
707,Howard Velasquez,12,F,Hanoi,2024-07-03,12
708,Trevor Gray,18,M,Hanoi,2024-09-10,18
709,Karen Edwards,12,F,HCM,2024-10-09,4
710,Mr. Devon Jones MD,10,M,HCM,2025-03-28,16
711,Cynthia Brown,14,F,HCM,2024-01-28,16
712,Kimberly Robinson,14,M,Danang,2025-01-01,18
713,Christopher Mccoy,11,M,Hue,2023-12-14,16
714,Taylor Olsen,14,F,Hanoi,2025-06-28,4
715,Mr. Steven Fox Jr.,18,M,Hanoi,2024-06-11,17
716,Sarah Gutierrez,16,M,Danang,2024-02-12,2
717,William Foster,16,F,HCM,2024-04-10,1
718,Charles Edwards,14,M,HCM,2024-05-26,9
719,Gary Hall,13,M,HCM,2024-01-24,17
720,Alyssa Aguirre,13,F,Danang,2023-09-29,2
721,Vanessa Smith,10,F,Danang,2024-10-20,16
722,Lisa White,11,F,Hanoi,2024-10-11,18
723,Raymond Chandler,11,F,Danang,2025-01-22,2
724,Becky Richardson,15,F,Hanoi,2023-11-18,3
725,Gordon Hernandez,17,M,Hue,2024-03-02,10
726,Sandra Combs,11,F,Hue,2025-01-22,4
727,Justin Clark,18,M,HCM,2024-09-24,4
728,Samantha Miller,12,F,Hanoi,2024-02-07,6
729,Ryan Collier,11,M,Hanoi,2025-05-29,6
730,Ashley Haley,17,F,Hanoi,2025-01-07,17
731,Willie Walton,16,F,HCM,2024-12-21,5
732,Daniel Sellers,11,F,Danang,2024-07-25,5
733,Beth Weber,15,M,Danang,2024-12-06,9
734,Leslie Dean,11,F,Hue,2024-10-02,14
735,Tracy Potter,12,M,HCM,2025-07-25,12
736,John Stanley,12,M,HCM,2023-12-28,16
737,Stacy Paul,12,F,Danang,2025-04-30,6
738,Maria Phillips,18,M,Hanoi,2025-05-25,14
739,Deborah Johnson,15,F,Danang,2025-07-12,12
740,Lisa Savage,13,M,Danang,2024-09-19,19
741,Sean Mason,11,M,Danang,2024-04-13,18
742,Rita Lee,14,F,HCM,2025-08-04,19
743,Evan Cardenas,16,M,Hue,2024-11-30,2
744,Jennifer Burns,15,M,Hanoi,2024-09-18,19
745,Donald Payne,12,M,Danang,2025-01-18,17
746,Leah Weber,11,F,Hanoi,2024-08-02,3
747,Natalie Reynolds,12,F,Hanoi,2024-07-26,1
748,Walter Jones,18,F,Danang,2024-11-03,18
749,Jesse Warren,15,F,HCM,2025-06-20,11
750,Kristy Roberts,10,F,HCM,2024-08-19,3
751,Shannon Boyer,10,F,Hue,2025-08-04,4
752,Nicole Torres,13,F,Hue,2024-05-04,3
753,Robert Franklin,18,F,HCM,2025-06-28,9
754,Patricia Combs,15,M,HCM,2024-09-16,8
755,Martha Wright,13,M,Danang,2024-03-30,14
756,Juan Gray,10,M,HCM,2023-11-30,9
757,Kenneth Harris MD,14,M,Danang,2024-04-10,4
758,Michael Price,16,M,Danang,2024-07-09,19
759,Amy Fletcher,13,F,HCM,2024-03-07,11
760,Cole Simon,15,F,Hanoi,2025-07-03,15
761,Justin Erickson,10,M,Hanoi,2025-04-27,10
762,Melinda Gibbs,16,F,Danang,2025-04-11,20
763,Catherine Daniel,11,F,Hanoi,2024-07-21,3
764,Melvin Leonard,10,M,Hue,2024-10-21,1
765,Paul Murphy,12,M,HCM,2025-07-01,4
766,Jennifer Le,18,M,Hue,2024-03-23,5
767,Gregory Gay,16,F,Hanoi,2023-11-05,20
768,Patrick Chavez,15,M,HCM,2024-03-29,20
769,Donna Johnson,15,M,HCM,2024-09-13,5
770,Nathan Powell DDS,14,M,HCM,2024-10-02,3
771,Ana Crawford,15,M,Hue,2024-08-24,7
772,Juan Elliott,14,F,HCM,2025-07-01,17
773,Matthew Flowers DDS,13,M,Danang,2023-09-12,1
774,Cole Blanchard,17,M,Hue,2025-08-01,6
775,Lisa Lara,14,M,HCM,2023-09-26,3
776,Stephanie Mcknight,10,M,Hue,2025-01-31,4
777,Michael Figueroa,16,M,Danang,2024-05-16,14
778,Mrs. Adrienne Schroeder,18,M,Hanoi,2023-10-13,1
779,Lisa Palmer,15,F,Hanoi,2024-05-18,13
780,Franklin Ayala,16,F,Danang,2024-03-23,1
781,Jason Phillips,14,F,Hue,2024-07-04,18
782,Alyssa Moss,14,M,Hue,2024-05-03,5
783,Adrian Cannon,16,F,HCM,2023-10-31,18
784,Jacob Sanchez,10,M,Hanoi,2024-02-08,3
785,Jonathan Miller,15,F,Danang,2023-10-25,20
786,Nicholas Murray,15,M,Hue,2024-12-21,12
787,Angela Moran,11,M,Hanoi,2025-01-04,3
788,Amy Brown,15,F,Hue,2023-12-20,1
789,Brandy Matthews,13,M,Danang,2024-12-12,18
790,Michael Alvarez,18,F,HCM,2025-04-14,14
791,Amy Brown,10,M,Hue,2024-12-20,12
792,Michael Brooks,17,F,Hue,2024-02-21,6
793,Lauren Pearson,10,M,Danang,2023-12-15,1
794,Ashley Greene,15,M,Hanoi,2024-07-24,6
795,Brian Stone,16,F,Danang,2024-06-17,19
796,Heidi Anderson,12,F,HCM,2024-02-18,8
797,Erica Garza,12,M,Hanoi,2024-10-10,13
798,Joe Cohen,10,F,HCM,2025-06-12,15
799,Felicia Figueroa,16,F,Hanoi,2024-12-15,9
800,Cindy Harris,18,F,Danang,2025-07-09,8
801,Justin Franklin,16,F,Danang,2025-05-31,4
802,Virginia Paul,13,M,Danang,2025-06-30,1
803,Amanda Strickland,14,F,Hanoi,2024-07-13,18
804,Brittany Warner,13,F,HCM,2025-01-26,13
805,Michael Adams,17,M,HCM,2024-03-27,5
806,Wesley Campbell,18,F,HCM,2023-11-01,2
807,Benjamin Moss,18,M,HCM,2023-11-28,19
808,Sara Olson,10,F,Hue,2025-01-10,18
809,Alyssa Collins,13,F,Danang,2024-03-05,15
810,Brandi Lawson,10,F,HCM,2025-02-04,17
811,Joseph Swanson,17,M,Hanoi,2025-08-05,4
812,Katherine Saunders,10,F,Hue,2024-08-31,1
813,Matthew Robertson,12,M,Hanoi,2025-03-18,6
814,Lisa Patton,11,M,Danang,2023-09-18,16
815,Whitney Gonzalez,10,F,Hanoi,2024-08-30,3
816,Andrew Graham,12,F,Danang,2024-12-22,20
817,Rebecca Stein,15,M,HCM,2025-07-15,3
818,Bradley Hays,12,M,Hanoi,2024-06-01,15
819,Michael Sanchez,17,M,Hue,2025-06-26,16
820,Matthew Gutierrez,10,F,HCM,2024-06-20,3
821,Amanda Palmer,14,F,HCM,2023-11-04,14
822,Ashley Ward,18,M,Hanoi,2025-06-26,19
823,Jeremy Spencer,13,F,HCM,2025-03-26,8
824,Jill Delgado,18,M,Hue,2024-09-23,1
825,Debra Lane,13,M,HCM,2025-08-26,3
826,Joe Johnson,15,F,HCM,2024-02-02,20
827,Vincent Daniels,10,F,Hanoi,2024-02-28,20
828,Anne Klein,16,F,Hanoi,2023-09-06,4
829,Mark Evans,18,M,Danang,2024-05-03,16
830,David Myers,14,F,HCM,2024-12-31,6
831,Scott Durham,14,M,HCM,2024-02-05,19
832,Brooke Berger,13,F,Hue,2024-01-18,15
833,Denise Zuniga,15,M,Hue,2025-03-07,14
834,Diana Taylor,13,F,Hanoi,2024-10-21,15
835,Mrs. Melissa Roberts MD,18,F,HCM,2023-12-05,2
836,Amanda Boone,13,F,Hue,2025-05-08,17
837,Steven Gilbert,12,F,Hanoi,2024-01-30,14
838,Erin Faulkner,11,F,HCM,2024-01-06,15
839,Janet Lopez,12,F,Danang,2024-04-19,5
840,Austin Smith,16,M,Hanoi,2024-12-08,17
841,Devin Rowland,13,F,Danang,2024-11-23,16
842,Daniel Hernandez,17,M,Danang,2023-09-16,14
843,Amanda Moore,15,M,Hue,2024-10-31,3
844,Scott Jones,15,M,Danang,2024-09-24,13
845,John Sanchez,16,F,Hanoi,2023-09-06,18
846,Christian Serrano,12,M,Hanoi,2024-05-24,10
847,Daniel Mitchell,12,F,Danang,2024-10-19,9
848,David Williams,17,F,Danang,2024-09-19,3
849,Amy Rogers,13,F,Danang,2024-02-02,11
850,Lori Brown,13,M,Hanoi,2025-03-06,8
851,Caleb Anthony,18,F,Hue,2024-03-01,16
852,Jenna Nelson,14,M,Danang,2023-11-21,15
853,Jeffrey Evans MD,16,M,Hue,2024-12-18,10
854,Johnny Smith,11,F,Hanoi,2025-07-20,9
855,Michael Ortega,18,M,Hanoi,2023-09-29,17
856,Matthew Brooks,12,F,Danang,2025-01-27,4
857,Andrew Richards,12,F,HCM,2024-03-21,10
858,James Herrera,16,F,Hanoi,2024-08-26,2
859,Jimmy Anderson,13,F,Hue,2024-07-17,5
860,Jeff Ryan,13,M,Hue,2025-02-27,20
861,John Williams,15,M,Danang,2024-10-05,8
862,David Anderson,11,F,HCM,2024-08-12,16
863,Anna James,13,F,Danang,2024-12-11,9
864,Kathleen Cunningham,10,F,Hue,2024-06-10,5
865,Heather Harris,14,F,Danang,2025-03-03,2
866,Jordan Chan,18,F,Danang,2023-11-17,13
867,Courtney Miller,15,M,Danang,2025-07-02,17
868,Teresa Davis,17,M,Danang,2024-09-05,11
869,Brandon Howell,10,F,Hue,2024-06-10,10
870,William Chambers,13,M,Danang,2024-05-30,2
871,Christopher Love,14,M,Hue,2024-01-16,10
872,Philip Schultz,10,F,Hue,2023-10-18,1
873,Gina Kim,11,F,HCM,2024-10-27,10
874,Andre Summers,14,M,Hanoi,2025-08-04,18
875,Daniel Hays,16,M,Hanoi,2024-09-02,16
876,Carolyn Faulkner,10,F,Hue,2023-11-07,1
877,Kathleen Kent,13,F,Hue,2024-09-03,17
878,Marcus Russo,11,F,Hanoi,2023-08-31,14
879,Cory Long,10,F,HCM,2025-07-29,19
880,Brian Collins,10,M,Danang,2024-10-30,4
881,Ethan Rose,11,F,HCM,2024-03-11,5
882,Melinda Meyer,10,M,Hanoi,2025-06-03,5
883,Eric Leblanc,13,M,HCM,2025-05-12,2
884,Christina Baxter,11,F,HCM,2024-08-16,7
885,Sheri Reed,16,M,Hanoi,2024-05-14,10
886,Edward Johnson,18,F,Hue,2024-02-19,1
887,Lori Harris,17,F,HCM,2024-02-08,10
888,Jesus Vasquez,13,F,HCM,2023-11-29,9
889,Lauren Martin,10,M,Danang,2024-06-24,5
890,Lisa Perez,15,M,Hanoi,2024-06-19,5
891,Todd Adams,13,M,HCM,2025-03-17,14
892,Taylor Allen,14,M,Danang,2024-03-15,7
893,Kara Sanders,12,M,Hanoi,2024-08-14,16
894,Mark Brown,15,F,Hanoi,2025-08-28,14
895,Theresa Wiley MD,12,M,Hue,2024-09-02,14
896,Ariel Douglas,15,F,HCM,2025-01-14,17
897,Ryan Le DDS,13,M,Hanoi,2024-05-16,15
898,Michael Molina,13,M,Danang,2024-02-13,1
899,Cathy Diaz,11,F,Hanoi,2024-12-12,6
900,Sharon Reyes,11,F,Danang,2025-05-29,2
901,Michelle Boyd,16,F,HCM,2024-11-23,5
902,Lauren Underwood,10,M,HCM,2024-11-30,10
903,Seth Perry,13,M,Hue,2024-12-09,17
904,Michael Blake,13,F,HCM,2024-03-20,7
905,Jerry Abbott,16,M,Hue,2025-01-16,4
906,Patricia Fitzpatrick,12,F,Danang,2025-08-28,12
907,Victoria Watkins,12,F,Hanoi,2023-12-11,20
908,Kathleen Murphy,18,F,Hue,2024-05-17,1
909,Jordan Martinez,17,F,Hue,2025-07-30,7
910,Nicholas Tucker,12,F,Danang,2024-04-14,7
911,Kristina Murphy,10,F,Hanoi,2024-08-20,10
912,William Mcdowell,16,M,Danang,2025-07-26,14
913,Kevin Nelson,18,F,HCM,2023-12-26,17
914,Jordan Lopez,18,M,Hanoi,2024-07-05,13
915,Lori Williamson,15,F,Danang,2023-11-11,9
916,Eugene Buchanan,12,M,Hanoi,2024-06-04,7
917,Kaylee Webb,17,M,Hue,2023-09-17,3
918,James Mathews,16,M,Danang,2024-03-15,2
919,Caleb Parrish,14,F,Hanoi,2024-11-15,19
920,Johnathan Sims,13,M,Hanoi,2025-08-18,19
921,Erin Huffman MD,16,F,Danang,2023-11-30,17
922,Samantha Ramirez,12,F,HCM,2024-03-05,20
923,Mary Carney,12,M,HCM,2025-01-07,9
924,Kristin Stone,18,M,HCM,2025-03-20,13
925,Gregory Moreno,10,F,Hanoi,2024-04-21,2
926,Emily Blair,14,F,Danang,2025-02-20,10
927,John Taylor,12,M,HCM,2025-02-14,19
928,Gina Jones,18,F,Danang,2024-03-13,19
929,Angela Singleton,18,F,Hue,2025-05-22,15
930,Anthony Miller,13,M,Hanoi,2024-11-13,17
931,Kevin Maldonado,10,F,Hanoi,2025-04-17,20
932,Christine Kelly,15,F,Hue,2025-02-09,14
933,Jeremy Payne Jr.,15,F,Danang,2024-12-03,1
934,Bonnie Perez,18,F,Hanoi,2025-02-25,15
935,Sarah Peterson,13,F,Hanoi,2025-07-04,12
936,Anthony Wells,14,M,Danang,2024-09-30,6
937,Crystal Graves,14,F,Hanoi,2024-03-09,7
938,Kelly Hill,15,M,HCM,2025-08-15,6
939,Karen Morgan,15,M,HCM,2024-01-20,17
940,Stephanie Ford,15,M,Hue,2024-04-15,17
941,Gregory Knox,13,M,Danang,2024-11-07,4
942,Johnny White,16,M,Hue,2025-07-13,4
943,Amanda Phillips,15,F,Danang,2025-05-14,2
944,Nicole Gutierrez,18,F,Hue,2024-12-13,20
945,Nicole Foley,10,M,Danang,2024-06-12,19
946,Barbara Rodriguez,14,F,HCM,2024-12-09,14
947,Melinda Hudson,17,M,HCM,2023-12-26,11
948,Patricia Montes,14,M,Danang,2024-02-06,3
949,Oscar Avery,16,M,Hanoi,2024-01-22,13
950,Brenda Carter,12,F,Danang,2024-12-22,9
951,Natalie Brown,10,F,Hue,2024-04-05,10
952,Chris Johnson,10,F,Hanoi,2024-11-11,1
953,David Johnson,15,F,Hue,2023-12-25,6
954,Anthony Morris,15,M,Hanoi,2024-02-04,13
955,Jillian Woodward,16,F,Danang,2024-11-08,3
956,Thomas Rangel,13,M,Danang,2025-03-05,3
957,Alexandra Joyce,15,F,Hue,2024-12-05,6
958,Sean Campbell,18,F,Danang,2025-05-21,9
959,Lynn Smith,16,F,HCM,2024-07-04,4
960,Darrell Davis,12,M,Danang,2024-01-23,4
961,Stephanie Norris,17,M,HCM,2025-03-07,6
962,Cody Hancock,10,F,Hue,2025-03-14,3
963,Jason Greene,12,F,HCM,2025-01-14,4
964,Morgan Hampton,13,M,Hue,2024-03-31,10
965,Richard Collins,13,M,HCM,2025-07-26,18
966,Brandon Hill,11,M,Hue,2025-04-18,8
967,Angela Pearson,11,M,Danang,2025-01-29,15
968,Joseph Smith,10,F,Hanoi,2024-09-30,11
969,Karen Johnson,14,F,Danang,2024-01-10,1
970,John Huff,17,M,Danang,2024-01-10,8
971,Katherine Ali,17,M,Danang,2025-04-08,4
972,Crystal Pierce,13,M,Hanoi,2025-04-19,20
973,Mary Harris,12,M,Danang,2025-04-30,9
974,Alison Smith,11,F,Hue,2023-09-05,18
975,Sierra Williams,10,M,HCM,2024-02-20,13
976,Laura Pope,16,F,Hue,2024-05-31,13
977,Jason Rosario,13,F,Hue,2023-08-31,2
978,Jonathan Beck,14,F,HCM,2024-09-03,18
979,Maria Moore,11,F,Hue,2024-11-24,20
980,Joanne Guzman,10,F,HCM,2023-10-05,15
981,Amanda King,17,M,Danang,2024-09-24,3
982,Joshua Lee Jr.,11,M,HCM,2025-02-09,4
983,Diana Moore,10,M,HCM,2024-08-17,17
984,Frederick Collins,13,M,HCM,2025-05-10,4
985,Jeffrey Wells,14,M,Danang,2024-04-25,2
986,Heather Yang,11,F,Hanoi,2025-05-28,14
987,James Walton,13,M,Hue,2024-10-26,6
988,Lawrence Moore,11,M,Hanoi,2025-02-14,15
989,Jacob Zavala,12,M,Danang,2024-03-06,15
990,Lauren Marshall,17,F,Hanoi,2023-11-16,2
991,Tammy Wilson,14,F,HCM,2024-08-03,16
992,Carrie Lee,15,M,Hanoi,2025-06-05,6
993,Manuel Harrington,14,M,Danang,2024-08-18,8
994,Aaron Hampton,11,M,Hue,2024-03-21,15
995,Christopher Hernandez,11,M,Danang,2025-05-07,1
996,Ronald Bailey,11,F,Danang,2024-08-16,1
997,Christopher Anderson,12,F,Hue,2025-06-01,5
998,James Williamson,17,F,Hanoi,2024-09-22,19
999,Tamara Benton,12,M,Danang,2024-05-20,4
1000,Rachel Harris,13,F,Hue,2025-05-24,18
